policy,delivery_ratio_avg,p95_latency_ms_avg
trained,1.0,62.24247739882018
fixed0,0.9651998633729499,254.62798493568758
